{
    "parent": "item/generated",
    "display": {
        "thirdperson_righthand": {
            "rotation": [ 0, -90, 55 ],
            "translation": [ 0, 4.0, 0.5 ],
            "scale": [ 0.85, 0.85, 0.85 ]
        },
        "thirdperson_lefthand": {
            "rotation": [ 0, 90, -55 ],
            "translation": [ 0, 4.0, 0.5 ],
            "scale": [ 0.85, 0.85, 0.85 ]
        },
        "firstperson_righthand": {
            "rotation": [ 0, -135, 55 ],
            "translation": [ 3.33, 1, 1 ],
            "scale": [ 0.58, 0.58, 0.58 ]
        },
        "firstperson_lefthand": {
            "rotation": [ 0, 135, -35 ],
            "translation": [ 4, 2, 4 ],
            "scale": [ 0.58, 0.58, 0.58 ]
        }
    }
}
